conv	entries	profile	unseen	fwd_verdict	fwd_ms	fwd_states	bwd_verdict	bwd_ms	bwd_nodes	bwd_setsum
1030	1476	all-seen	0	not-there	0	410	not-there	6	6190	8151
1030	1476	deepest-1	1	not-there	0	410	not-there	6	6190	8151
1030	1476	deepest-5	5	not-there	0	410	not-there	6	6190	8151
1030	1476	deepest-10	10	not-there	0	410	not-there	6	6190	8151
1030	1476	95pc-seen	51	found	0	98	found	6	5802	3884
1030	1476	90pc-seen	101	found	0	15	found	5	4647	1316
1030	1476	75pc-seen	251	found	0	32	found	5	4647	1973
1030	1476	50pc-seen	501	found	0	6	found	5	4370	658
1030	1476	25pc-seen	752	found	0	6	found	5	4370	658
1030	1476	10pc-seen	902	found	0	6	found	5	4370	658
1030	1476	5pc-seen	952	found	0	6	found	5	4370	658
